,,
,BRAND,PATTERN
,BRIDGESTONE,EMLS
,,EMSA
,,EMSA PREMIUM
,,G611
,,L317
,,L317 EXTRA
,,L355
,,M840
,,M851
,,M851 XM
,,MRN
,,R150
,,R150 II
,,R151
,,R154
,,R156
,,R172
,,SULP
,,SUPER U-LUG PREMIUM
,,V STEEL MIX 857
,,VLGN
,,V-LUG
,GAJAH TUNGGAL,GT  LUG PRO
,,GT  MAX TRACTION
,,GT  MILER 88N
,,GT  MILER 88N RFD
,,GT  MILER RFD
,,GT  MILER88N
,,GT  MILLER 88N
,,GT  MILLER 88N RFD
,,GT LUG
,,GT LUG PRO
,,GT MAC TRACTION
,,GT MAX TRACTION
,,GT MAXTRACION
,,GT MAXTRACTION
,,GT MIILER 88N
,,GT MILER
,,GT MILER 88 RFD
,,GT MILER 88N
,,GT MILER 88N 
,,GT MILER 88N HD
,,GT MILER 88N RFD
,,GT MILER 99
,,GT MILER HD
,,GT MILER PRO
,,GT MILER RFD
,,GT MILER88N
,,GT MILER88N RFD
,,GT MILERN 88N RFD
,,GT MILLER 88N
,,GT MILLER RFD
,,GT MLER RFD
,,GT SUPER
,,GT SUPER  GRIP
,,GT SUPER 88N
,,GT SUPER 88N RFD
,,GT SUPER GRIP
,,GT SUPER RFD
,,GT SUPER88N
,,GT SUPER88N RFD
,,GT. LUG
,,GT. MILER 88N
,,GT. MILER 88N RFD
,,GT. MILER RFD
,,GTMILER RFD
,,HT MILER RFD
,,MILER PRO
,GOODYEAR,CB972
,,CM988
,,CR926
,,CR952
,,EMSA
,,G 100
,,GT MILER 88N
,,GT MILER 88N RFD
,,GT MILER RFD
,,GT. MILER RFD
,,HGM 2020
,,HI MILER CT165
,,HI MILER H
,,HI MILER HD
,,HI MILER S&G
,,HI MILER S&G HD
,,HI MILER SG HD
,,HI-MILER S&G
,,HI-MILER S&G HD
,,HM 2020
,,HMF2020 HD
,,HMG  2020
,,HMG  2020  HD
,,HMG  2020 HD
,,HMG 2002
,,HMG 2020
,,HMG 2020  HD
,,HMG 2020 HD
,,HMG 2020 RFD
,,HMG 20202 HD
,,HMG2020
,,HMG2020 HD
,,HMG2020HD
,,K MAX G 667+
,,KIMBER KING
,,KMAX
,,KMAX S
,,KMAX S GEN2
,,R9038
,,ROAD LUG
,,S 200
,,S 200+
,,S 210 K MAX
,,S 210 KMAX
,,S 700
,,S.210 KMAX
,,S200
,,S200+
,,S210 KMAX
,,S210+
,,S210KMAX
,,S700
,,SP343
,,SUPER  ROAD LUG
,,SUPER  ROAD LUG HD
,,SUPER LOAD LUG HD
,,SUPER LOAD LUG X
,,SUPER ROAD LUG
,,SUPER ROAD LUG HD
,,SUPER ROAD LUG X
,,TIMBER KING
,,TIMBER KING KEVLAR
,GITI,GAO822
,,GAR827
,,GAR879
,,GAZ 862
,,GAZ 891
,,GAZ 982
,,GAZ827
,,GAZ829
,,GAZ890
,,GAZ891
,,GAZ892
,,GAZ896
,,GDM692
,,GSR225
,,GT 01
,,GT 835
,,GT 879
,,GT01
,,GT668
,,GT688
,,GZ892
,MRF,BA215
,,GT MILER RFD
,,HS 500
,,M729
,,M77
,,MRF
,,MSCLE MILER
,,MUCLE MILER
,,MUCSLE MILER
,,MUSC;LE MILER
,,MUSCE MILER
,,MUSCLE  MILER
,,MUSCLE MIELR
,,MUSCLE MIER
,,MUSCLE MILER
,,MUSCLE MILER R
,,MUSCLE MILERD
,,MUSCLE MILLER
,,MUSCLE MLER
,,MUSCLE ROK-X
,,MUSCLE ROX
,,MUSCLE ROX-X
,,MUSCLEMILER
,,S3C8
,,S3C8 PLUS
,,SIM4 PLUS
,,STEEL MUSCLE 53C8
,,STEEL MUSCLE S1M4
,,STEEL MUSCLE S1M4+
,,STEEL MUSCLE S3 C8
,,SUPER LUG
,,SUPER LUG  EXTRA
,,SUPER LUG EXTRA
,,SUPER LUG FIFTY PLUS
,,SUPER MILER
,,SUPER MILER HD
,,SUPER MILER ID
,DURATURN,CR939+
,,KT 201
,,KT235
,,M 800
,,RM 9
,,S801
,,T 139
,,T139
,,T233
,,TI39
,,Y  601
,,Y 209
,,Y 601
,,Y 601 T
,,Y 601+
,,Y 866
,,Y 866+
,,Y209
,,Y601
,,Y601 +
,,Y601+
,,Y610+
,,Y688+
,,Y858
,,Y858+
,,Y866
,,Y866+
,,Y886+
,DUNLOP,EMSA
,,GINER EXPREES RK90
,,GINER EXPRESS RK90
,,HI MILER S&G
,,LEMK II
,,LINER EXPRES
,,LINER EXPRES MK II
,,LINER EXPRES MKII
,,LINER EXPRESS
,,LINER EXPRESS MK II
,,LINER EXPRESS MKII
,,LINER EXPRESS MK-II
,,LINER EXPRESS MK-II RK90
,,LINER EXPRESS RK90
,,LINER EXPRESS RK-90
,,M 9
,,POWER LUG MASTER
,,RM 9
,,RM9
,,RM98
,,SP 320
,,SP 343
,,SP 571
,,SP300
,,SP302
,,SP320
,,SP-320
,,SP320+
,,SP343
,,SP517
,,SP521
,,SP571
,,Y 601+
,SAILUN,RA 685
,,S 606
,,S 626
,,S 801
,,S 811
,,S 828
,,S 881
,,S 917
,,S606
,,S626
,,S801
,,S811
,,S8111
,,S828
,,S911
,,S917
,HANKOOK,AH11
,,AH11K
,,AH15
,,AH15R
,,AH30
,,AH31+
,,AH31K
,,AH51
,,AH85
,,AM09
,,AM81
,,DM 80
,,DM04
,,DM80 D
,,SMAR CITY AU06
,,SMAR FLEK AH31K
,,SMART AH31K
,,SMART CITY AU 06
,,SMART CITY AU06
,,SMART CITY AUDY
,,SMART FLEK AH31K
,,SMART FLEK AH51
,,SMART FLEX  AH31K
,,SMART FLEX 31K
,,SMART FLEX AH 31+
,,SMART FLEX AH 31K
,,SMART FLEX AH31+
,,SMART FLEX AH31K
,,SMART FLEX AH51
,,SMART FLEX AH51K
,,Y 601+
,HIXIH,AH30
,,ATL V65
,,BT168
,,FM78
,,GA 98
,,GA98
,,GAZ 892
,,H 21F
,,H 292 F
,,H 292F
,,H2 1F
,,H2 IF
,,H21F
,,H292F
,,H2IF
,,HD 75
,,HD75
,,HN08
,,HZ IF
,,HZ1F
,,HZIF
,,K 996 A
,,K996A
,,K999A
,,M800 D
,,M800D
,,R 95
,,R95A
,,RA 05
,,RA 685
,,RA 685D
,,RA 685T
,,RA 85
,,RA 865
,,RA 95
,,RA05
,,RA586
,,RA605
,,RA685
,,RA85
,,RA95
,,RS85
,MICHELIN,KZE 3 R
,,KZE 3R
,,KZE 5R
,,KZE3R
,,KZR 3R
,,KZY3
,,MULTI
,,X  MULTI
,,X MULTI
,,X MULTI HD Z
,,X MULTI WAY 3D
,,X MUTI
,,X WORKS HD
,,XJE 4 MIX ENERGY
,,XMUL
,,XMULTI
,,X-MULTI
,,XMZ
,,XR 43 HD
,,XYZ 3HD
,,XYZ T3
,,XYZ3
,,XZE 3R
,,XZE2
,,XZY 3HD
,,XZY3
,,XZY3 HD
,AEOLUS,ADC09
,,AEX1
,,AGB20
,,AGB21
,,AGC08
,,AGC23
,,AGM10
,,ASR 70
,,ASR79
,,BT168
,,GAC23
,,GAZ892
,,HN 08
,,HN08
,,HN09
,,HN10
,,HN257
,,K MAX G 667+
,,M800D
,,NEO AGC 21
,,NEO AGC 23
,,NEO AGC23
,,NEO CONSTRUCT G
,,NM86
,,Q4
,,S 917
,SWALLOW,GRAND  V MILER
,,GRAND  V MILLER
,,GRAND  V88
,,GRAND V  MILER
,,GRAND V LUG
,,GRAND V MILLER
,,GRAND V8
,,GRAND V88
,,GRAND V-LUG
,,GRAND VMILER
,,GRAND V-MILER
,,GRND V88
,,GT. MILER RFD
,,LINER EXPRESS RK-90
,,MUSCLE  MILER
,,SUPER HD
,,SUPER V8
,,SUPER V88
,,V88
,BLACK LION,BA125
,,BA126
,,BA152
,,BA162
,,BA202
,,BA215
,,BD215
,,BD285
,,BF188
,,BL285
,,BL601
,,BLG19
,,BLH88
,,BLM16
,,BLR01
,,BR162
,,BT165
,,WD605
,GOODRIDE,A9038
,,AS58
,,AS668
,,AS858
,,AZ670
,,AZ686
,,BT168
,,CB905
,,CB919
,,CB926
,,CB972
,,CM193
,,CM333
,,CM913
,,CM926
,,CM958
,,CM988
,,CR 906
,,CR 926
,,CR925
,,CR926
,,CR952
,,CR976A
,,HS 608
,,M9096
,,M9099
,,R 9030
,,R 9038
,,R9036
,,R9038
,,R938
,,ROUTE CONTROL
,ECED,B218
,,BR168
,,BT 218
,,BT118
,,BT128
,,BT168
,,BT186
,,BT188
,,BT218
,,BT811
,,DT 118
,,FM78
,,GL 259A
,,H2 IF
,TIRON,GTM SUPER HD
,,HF5
,,HMA 52
,,HMA51
,,HMA52
,,HS  320
,,HS  500
,,HS 135
,,HS 200
,,HS 315
,,HS 500
,,HS310
,,HS315
,,HS320
,,HS365
,,HS5
,,HS500
,,HS500 SHD
,,HS700
,,LONG MILEAGE
,,LUG MASTER
,,SUPER HD
,,SUPER HDE
,CEAT,AR3581
,,CEAT ROCK MAX X3
,,EMSA
,,FM SUPER
,,FM SUPER HD
,,FM SUPER MILE-XL RIB HD
,,FM SUPER XL
,,FM SUPER XL HD
,,FM78
,,FM78 HD
,,HCI SUPER
,,HCL SUPER
,,HCL SUPER HD
,,HCL SUPER HL
,,HCL Super HL HD
,,KM78
,,LUG-XL PRO
,,MI;E XL RIB
,,MILE XL HD
,,MILE XL RIB
,,MILE XL RIB HD
,,MILE XL RIB TRAILER MIXER
,,MILE XL SL
,,MILE XL SL HD
,,MILE XL SL+HD
,,MILER XL+HD
,,MILER-XL RIB+HD
,,MILE-X SL
,,MILE-XL RIB
,,MILE-XL RIB HD
,,MILE-XL SL
,,MINE MAX
,,PRO RIO
,,RD116
,,SUPER HD
,,SUPER XL HD
,,WIN LOAD AW
,,WIN MILE-R
,,WIN SUPER X3
,,WIN SUPER X3D
,,WIN SUPERX3-D
,,WINLOAD AW
,,WINLOAD X5-D
,,WINMILE X3-AW
,,WINMILE-R
,,WINMILER-R
,,WINOAD X5-D
,,XL SL HD
,AUSTONE,AR202+
,,AT 116A
,,AT 202
,,AT 202+
,,AT 21
,,AT 22
,,AT 372A
,,AT116A
,,AT202
,,AT202+
,,AT27
,,AT326
,,AT327A
,,AT327M
,,AT372 A
,,AT55 XD
,,FT116A
,ADVANCE,GL 295A
,,GL 622A+
,,GL 662  A+
,,GL 662 A
,,GL 662 A+
,,GL 662A
,,GL 662A+
,,GL 66A2+
,,GL 828 A
,,GL 99 Z
,,GL 99 ZA
,,GL 992
,,GL 992A
,,GL259A
,,GL274 A+
,,GL274A
,,GL292 A
,,GL292A
,,GL292A II
,,GL292AII
,,GL622A
,,GL622A+
,,GL662A
,,GL662A+
,,GL665A
,,GL828A
,,GL909A
,,GL926
,,GL992
,,GL992A
,,NHS
,MAXXIS,DM 938
,,M  276 HD
,,M 276
,,M 276 HD
,,M176
,,M27
,,M27 HD
,,M275
,,M276
,,M276 HD
,,M276HD
,,M278
,,M77
,,MAX POWER
,,MAX-POWER
,,ML 687
,,ML687
,,MZ76 HD
,,UM  938
,,UM 938
,,UM 958
,,UM 968
,,UM 985
,,UM938
,,UM956
,,UM958
,,UM968
,,UM985
,,UMD 968
,,UR288
,,Y 209
,KUNLUN,K201
,,KT  201
,,KT 201
,,KT 235
,,KT 856+
,,KT201
,,KT207
,,KT235
,,KT586
,,KT688
,,KT856
,,KT856+
,,KT865
,,KT865+
,,KT865A
,,KT866
,,LA88
,,T139
,FIRESTONE,FD600II
,,FS555
,,FS561
,,FS595
,,UT3000
,NEOLIN,AR535
,,CONSTRUCT NR12
,,KTX879
,,NC 51
,,NC5
,,NC51
,,NCSI
,,NM 85
,,NM08
,,NM85
,,NM86
,,NR 29
,,NR28
,,NR29
,KAIZEN,K 77R
,,KA 77Z
,,KA77R
,,KAZ77R
,,KZ 100 S
,,KZ 36L+
,,KZ 50L HD
,,KZ 77 R
,,KZ 77R
,,KZ-100 S
,,KZ1005
,,KZ-1005
,,KZ100S
,,KZ-100S
,,KZ-36+
,,KZ36L+
,,KZ-36L+
,,KZ-36L+HD
,,KZ-50 HD
,,KZ50L
,,KZ50L HD
,,KZ-50L HD
,,KZ-77 R
,,KZ77R
,,KZ-77R
,,KZ7R
,,R 001 HD
,,R 938
,,R001HD
,,R001-HD
,CST,C307
,,C8013
,,C846L
,,CM988
,,CR 285
,,CR 939
,,CR285
,,CR393+
,,CR939+
,,CST27
,,GAZ892
,DOUBLE COIN,DSR168
,,KT 201
,,KT 266
,,KT 77
,,KT266
,,KT77
,,RB705+
,,RBL 800
,,RBL11
,,RBL450
,,RBL800
,,RLB 11
,,RLB 800
,,RLB11
,,RLB450
,,RLB767
,,RLB800
,,RLB989
,,RM9
,,RR 9
,,RR705+
,,RR9
,,TLB989
,,WD 989
,,WD605
,,WD989
,ASCENDO,AB635
,,AR 890
,,AR102
,,AR102 HD
,,AR3137
,,AR525
,,AR535
,,AR585
,,ASCENDO INTERNATIONAL
,,R585
,ALTALITE,ATL V23
,,ATL V65
,,ATL V65 RIB LUG
,,ATL V65+
,,ATL V65+R
,,ATL V85
,,ATL X28
,,MUSCLE MILER
,,NM85
,,V65
,WESTLAKE,CB905
,,CB972
,,CB981
,,CL991
,,CM958
,,CR 926
,,CR922
,,CR925
,,CR926
,,CR952
,,CR9676A
,,CR976A
,,CRS 26
,,CTR926
,,GL911
,,GL969
,,GL991
,,M9088
,AOSEN,AGC08
,,AMA308
,,HD 616 +
,,HD 616+
,,HD616+
,,MA 771
,,MA77
,,MA771
,,MD761
,ROAD X,AP688
,,AP856
,,AP865
,,AP866
,,AP868
,,HR621
,,RH 62
,,RH 621
,,RH621
,APOLLO,AMAR GOLD
,,AWR-HD
,,ENDURACE MA326
,,ENDURACE MA326+
,,ENDURACE RA
,,HAULUG
,,LOADSTAR SUPER HD
,,MA326
,,MINE LUG
,,MUSCLE  MILER
,,MUSCLE MILER
,,SL HD
,,TXS.2
,,XPR HD
,,XPR-HD
,,XT - 7 HD
,,XT 7
,,XT-7
,,XT-7 HD
,,XT7HD
,FORTUNE,FT 116A
,,FT 209
,,FT 27
,,FT 327
,,FT209
,,FT27
,,FT327
,,FT327A
,CHENGSHAN,CSP20
,,CST126
,,CST206
,,CST209
,,CST236
,,CST27
,,CST326
,,CST327
,,CST327A
,,M9088
,,ST206
,SUPERWAY,A801
,,AR801
,WARRIOR,M540
,,M5401
,,MS 401
,,MS401
,,W5401
,,WD605
,,WS 288
,,WS 401
,,WS401
,TRIANGLE,KT865+
,,TR  668
,,TR  818
,,TR 502
,,TR 618
,,TR 663+
,,TR 668
,,TR 688
,,TR133
,,TR168
,,TR502
,,TR618
,,TR61E
,,TR663
,,TR668
,,TR681
,,TR685
,,TR691
,,TR691E
,,TR69IE
,,TR818
,,TR912
,,TR961E
,,TRC03
,MATIAN,HRA 59 H
,,MT 359
,,MT359
,,MT539
,,MT609
,,MT689
,,MY359
,WELLRUN,BT 369 N
,,BT128
,,BT168
,,BT369
,,GT369N
,,T369N
,HUAAN,HR A58
,,HR A59 H
,,HR A59H
,,HRA 58
,,HRA 59 H
,,HRA 59A
,,HRA 59H
,,HRA B59H
,,HRA S8
,,HRA58
,,HRA59
,,HRA59H
,,HRAH9
,VIKRANT,LOAD XTRA DX
,,STAR LUG
,,SUPER TRACK KING
,,SUPER TRACKKING
,,TRACK KING EXTRA DX
,,TRACK KING XTRA DX
,,TRACK KING XTRA HD
,,TRACK MILES DX
,,TRACKING EXTRA
,,TRACKING XTRA
,,TRACKING XTRA DX
,,V-ROCK EXTRA
,,VTL SUPER
,,VTL SUPER DX
,DURUN,AL28
,,DH703
,,YTH 3
,,YTH 4
,,YTH3
,,YTH4
,DRT,KT 235
,,KT 266
,,KT201
,,KT266
,,KT688
,,T 711
,,T139
,,T166
,,T223
,,T322
,,T323
,,T711
,CHAO YANG,AS858
,,AS868
,,AZ326S
,,AZ850
,,CB332
,,CB972
,,CM998
,,CR 926
,,EZ369
,,GC25A
,,M9088
,,R9037
,TRAZANO,AR535
,,CR 952
,,CR 958
,,CR952
,,CR958
,AULICE,ALL STEEL RADIAL
,,AR101
,,AR101+
,,AR112
,,AR3137
,,AR535
,,HR08
,,HUBEI AULICE TYRE COLTD
,DOUBLE STAR,D902
,,DFA 100
,,DMA105
,,DMA108
,,DMA108PRO
,,DSR A26
,,DSR162
,,DSR168
,,DSRA26
,,F10628
,,FI0628
,,FIO 628
,,HP040
,,HR169
,,M602
,QIMA TIRES,AR3137
,,XR  818
,,XR 818
,,XR718
,,XR818
,COCREA,CR 602
,,CR 801D
,,CR 903
,,CR 963
,,CR801HD
,,CR936
,,CR963
,ROAD ONE,FS 595 RADIAL
,,GA98
,,QA966
,,QA996
,,RA 685
,,RA 85
,,RA 95
,,RA85
,,RA95
,KING BRIDGE,EMSA
,,KB 526
,,KB320
,,KB526
,,R156
,,SULP
,MILEVER,AP05
,,BT369
,,SAH03
,,SAM 02
,,SAM01
,,SAM02
,,SAP 05
,,SAP05
,,STR05
,KOMBAT,K200+HD
,,K-200+HD
,,K-300  HD
,,K300 + HD
,,K300 HD
,,K-300 HD
,,K300+ HD
,,K300+ HDD
,,K300+HD
,,K-300+HD
,,K300HD
,ALLROUND,A602
,,AR602
,,AR828
,BF GOODRICH,CROSS CONTROL
,,ROUTE CONTROL
,KINBLI,AR168
,,DLS816
,,DLS816 M+S
,,DLS816 R1+5
,,DSL 816 R1+5
,,KA 202
,,KF207
,TRUCKER,ALL MAKES
,,AM311
,,AM-VLUG
,,SUPER HD
,CO PARTNER,CP138
,,CP168
,,CP183
,,CP767
,,CP969
,,CP999G
,LONG MARCH,LM120
,,LM216
,,LM268
,,LM306
,,LM308
,,LM309
,,LM903
,EVER PROSPER,MT 1688
,,MT 2828
,,MT2828
,,MT3838
,,MT3883
,BESTANG,BST68A
,GOOD TRIP,HIGHWAY RIB
,,HIGHWAY RIB HR706
,,HR702
,,HR706
,,KTX 879
,,KTX730
,,KTX733
,,KTX737
,,KTX879
,,RR 706
,,SUPER SEMI LUG
,,SUPER SEMI LUG HR702
,,SUPER SEMILUG HR702
,,XR358
,TECHKING,ETOT
,,ETRF
,,TK03
,,TKAM
,,TKAM HD
,,TKAM S
,,TKAM2
,,TKAM2S
,,TKBUS
,,TKS III
,,TKTT
,JOYALL,A876
,,A9
,,TBR12
,TBB TIRES,HIGHWAY RIB
,,HR702
,,HR706
,,KT688
,,KTX 688
,,KTX688
,,KTX757
,,KTX766
,,KTX879
,,SUPER SEMILUG
,,XR358
,O'GREEN,HL 718
,,HL 901
,,HL 932
,,HL178
,,HL718
,,HL932
,SUPER FLEET,S 303
,,S 320
,,S300
,,S303
,,S320
,,S660
,,S989
,OTANI,OH-101
,,OH107
,,OH-107
,,OH-303
,,PERFOMAX
,,PERFORMA X
,,PERFORMAX
,,R707
,,S 808
,LINGLONG,LL97
,,LLA 08
,,RIDE WINGS LFL 185
,,STRONG MAX LDO998
,RUIFULAI,HF 606
,,HF606
,,HF702N
,JK TYRE,JET ACE
,,JET POWER 100
,,JET POWER 100 HD
,,JET POWER 100HD
,,JET ROCK XTRA
,,JET XTRA LOAD HD
,,JET XTRA XLM
,,JETWAY JUM
,AMBERSTONE,309
,,366
,SUPER CARGO,SC 303
,,SC 309
,,SC116
,,SC303
,UNINEST,812N
,,TIBERON730
,,TIBERUN 730
,,TIBERUN 812N
,,TIBERUN 818
,,TIBERUN818
,ROVELO,SAM3
,LEAO,F 816
,,F816
,,LA 08
,,LA08
,,LLD10
,WANLI,SAP 05
,,SAP05
,GOOD SAFETY,CY768
,OPARTNER,CP 183
,,CP 813
,,CP 9996
,,CP168
,,CP183
,ANSU,BS28
,,BYS98+
,VANLUSTONE,AR101
,CHILONG,CA808
,,RA 308
,BEFRIEND,BF505
,,BF903
,,GF903
,LOTOUR TIRE,LA 218
,,LA 856
,,LF 969
,,LF969
,,MULTI LF 969
,YARTU,CB332
,,CB912
,,CR 926
,,CR926
,METRO TIRES,LUG MASTER
,,MT3838
,ATLAS TIRE,AT08CC
,SAFEKING,SK 835 PRO
,,SK835PRO
,EFFIPLUS,FOLO R129
,,FOLO R199II
,,TIGER AM
,,WOLF DO
,EPCO,EP MILER
,,EP MILER LUG
,HAWKWAY,HK 701
,,HK701
,,HRA 1
,,HRA1
,,H-RIB V
,DYNA CARGO,Y858+
,,Y866+
,,Y868+
,HOLDER MASTER,M602
,,M801D
,,M802
,,M828
,VGLORY,V861
,WIN GOOD,HMG  2020  HD
,,WG 128
,,WG118
,,WG128
,BONTYRE,BS28
,,BT906
,,R230
,CARLAND,CA802
,,CA828K
,RANGER,T166
,AURUNZE,A300
,,S6 18 PRO
,ROADSHINE,RS610
,,RS617
,TRANSMATE,TMD 97
,,TR103
,SUPER NOVA,GALAXY V
,LIAOLUN,SR 333+
,,SR333+
,BENCHMARK,LLA 08
,,LLA08
,WONDERLAND,BY06
,DESTONE,DHS209
,GOODRICH,CR 926
,,ROUTE CONTROL
,ROADLUX,R268
,HILO,309
,CHANGFENG,HF 706
,,HF606
,GUOXIN,HRA 59
,TERCELO,L101
,,R153
,HUBTRAC,MIXED G
,,MIXED G+
,DOUPRO,ST869
,,ST901
,GOLDEN CROWN,CR926
,,R 9037
,,R9037
,UNITED UT,STAR LOAD XD
,,STAR MILER XD
,NAAATS,NA602
,CACHLAND,767CAR
,HUNG-A,HF5
,HENGLI,DR930
,JIANXIN,JX359
,GREENTOUR,GDM60
,MILEWAY,M501
,SPORTRACK,BS363
,,SP909
,BELSHINA,GEV-114
,PIRELLI,FR : 01
,HONGTU,HS268
,FINALIST,AR168
,ORNET,L909
,,S877
,MAXELL,SUPER MA1
,CONTINENTAL,CONTI RL
,KASPEN,HS268
,ANNAITE,306
,KINGSKY,SK719
,KANER,ROOL-HD
,DMASTER,DM209
,GAMA TIRES,G371
,KUMHO,POWER RIB 366
,GUANGDA,309
,ROADSTAR,R979
